date,country_id,region_id,subregion,sex,age_min,age_max,underlying_conditions,confirmed_tot,deaths_tot,hospitalized_tot
2020-03-17,US,NY,,,,,,923.0,10.0,
2020-03-17,US,NY,,,0,4,,0.0,,
2020-03-17,US,NY,,,5,17,,25.0,,
2020-03-17,US,NY,,,18,49,,457.0,,
2020-03-17,US,NY,,,50,64,,211.0,,
2020-03-17,US,NY,,,65,110,,230.0,,
2020-03-17,US,NY,,Female,,,,378.0,,
2020-03-17,US,NY,,Male,,,,536.0,,
2020-03-17,US,NY,Bronx,,,,,106.0,,
2020-03-17,US,NY,Brooklyn,,,,,236.0,,
2020-03-17,US,NY,Manhattan,,,,,290.0,,
2020-03-17,US,NY,Queens,,,,,248.0,,
2020-03-17,US,NY,Staten Island,,,,,42.0,,
2020-03-17,US,NY,Unknown,,,,,1.0,,
2020-03-18,US,NY,,,,,,2009.0,19.0,
2020-03-18,US,NY,,,0,4,,5.0,,
2020-03-18,US,NY,,,5,17,,42.0,,
2020-03-18,US,NY,,,18,49,,1034.0,,
2020-03-18,US,NY,,,50,64,,463.0,,
2020-03-18,US,NY,,,65,110,,464.0,,
2020-03-18,US,NY,,,Unknown,Unknown,,1.0,,
2020-03-18,US,NY,,,50,110,,927.0,,
2020-03-18,US,NY,,,0,50,,1081.0,,
2020-03-18,US,NY,,Female,,,,850.0,,
2020-03-18,US,NY,,Male,,,,1155.0,,
2020-03-18,US,NY,,Unknown,,,,4.0,,
2020-03-18,US,NY,Bronx,,,,,303.0,,
2020-03-18,US,NY,Brooklyn,,,,,505.0,,
2020-03-18,US,NY,Manhattan,,,,,590.0,,
2020-03-18,US,NY,Queens,,,,,533.0,,
2020-03-18,US,NY,Staten Island,,,,,77.0,,
2020-03-18,US,NY,Unknown,,,,,1.0,,
2020-03-19,US,NY,,,,,,3954.0,26.0,
2020-03-19,US,NY,,,0,4,,14.0,,
2020-03-19,US,NY,,,5,17,,94.0,,
2020-03-19,US,NY,,,18,49,,2117.0,,
2020-03-19,US,NY,,,50,64,,926.0,,
2020-03-19,US,NY,,,65,110,,800.0,,
2020-03-19,US,NY,,,Unknown,Unknown,,3.0,,
2020-03-19,US,NY,,,50,110,,1726.0,,
2020-03-19,US,NY,,,0,50,,2225.0,,
2020-03-19,US,NY,,Female,,,,1630.0,,
2020-03-19,US,NY,,Male,,,,2315.0,,
2020-03-19,US,NY,,Unknown,,,,9.0,,
2020-03-19,US,NY,Bronx,,,,,496.0,,
2020-03-19,US,NY,Brooklyn,,,,,1195.0,,
2020-03-19,US,NY,Manhattan,,,,,1038.0,,
2020-03-19,US,NY,Queens,,,,,1042.0,,
2020-03-19,US,NY,Staten Island,,,,,179.0,,
2020-03-19,US,NY,Unknown,,,,,4.0,,
2020-03-20,US,NY,,,,,,5683.0,43.0,
2020-03-20,US,NY,,,0,4,,26.0,,
2020-03-20,US,NY,,,5,17,,131.0,,
2020-03-20,US,NY,,,18,49,,3080.0,,
2020-03-20,US,NY,,,50,64,,1330.0,,
2020-03-20,US,NY,,,65,110,,1112.0,,
2020-03-20,US,NY,,,Unknown,Unknown,,4.0,,
2020-03-20,US,NY,,,50,110,,2442.0,,
2020-03-20,US,NY,,,0,50,,3237.0,,
2020-03-20,US,NY,,Female,,,,2317.0,,
2020-03-20,US,NY,,Male,,,,3355.0,,
2020-03-20,US,NY,,Unknown,,,,11.0,,
2020-03-20,US,NY,Bronx,,,,,736.0,,
2020-03-20,US,NY,Brooklyn,,,,,1740.0,,
2020-03-20,US,NY,Manhattan,,,,,1402.0,,
2020-03-20,US,NY,Queens,,,,,1514.0,,
2020-03-20,US,NY,Staten Island,,,,,285.0,,
2020-03-20,US,NY,Unknown,,,,,6.0,,
2020-03-21,US,NY,,,,,,8115.0,60.0,
2020-03-21,US,NY,,,0,4,,34.0,,
2020-03-21,US,NY,,,5,17,,189.0,,
2020-03-21,US,NY,,,18,49,,4456.0,,
2020-03-21,US,NY,,,50,64,,1929.0,,
2020-03-21,US,NY,,,65,110,,1502.0,,
2020-03-21,US,NY,,,Unknown,Unknown,,5.0,,
2020-03-21,US,NY,,,50,110,,3431.0,,
2020-03-21,US,NY,,,0,50,,4679.0,,
2020-03-21,US,NY,,Female,,,,3318.0,,
2020-03-21,US,NY,,Male,,,,4787.0,,
2020-03-21,US,NY,,Unknown,,,,10.0,,
2020-03-21,US,NY,Bronx,,,,,1071.0,,
2020-03-21,US,NY,Brooklyn,,,,,2484.0,,
2020-03-21,US,NY,Manhattan,,,,,1863.0,,
2020-03-21,US,NY,Queens,,,,,2254.0,,
2020-03-21,US,NY,Staten Island,,,,,437.0,,
2020-03-21,US,NY,Unknown,,,,,6.0,,
2020-03-22,US,NY,,,,,,10764.0,99.0,
2020-03-22,US,NY,,,0,17,,300.0,0.0,
2020-03-22,US,NY,,,18,44,,4965.0,1.0,
2020-03-22,US,NY,,,45,64,,3519.0,23.0,
2020-03-22,US,NY,,,65,74,,1150.0,20.0,
2020-03-22,US,NY,,,75,110,,825.0,55.0,
2020-03-22,US,NY,,,Unknown,Unknown,,5.0,,
2020-03-22,US,NY,,,50,110,,4585.0,,
2020-03-22,US,NY,,,0,50,,6174.0,,
2020-03-22,US,NY,,Female,,,,4522.0,39.0,
2020-03-22,US,NY,,Male,,,,6227.0,60.0,
2020-03-22,US,NY,,Unknown,,,,15.0,,
2020-03-22,US,NY,Bronx,,,,,1564.0,22.0,
2020-03-22,US,NY,Brooklyn,,,,,3154.0,22.0,
2020-03-22,US,NY,Manhattan,,,,,2324.0,17.0,
2020-03-22,US,NY,Queens,,,,,3050.0,31.0,
2020-03-22,US,NY,Staten Island,,,,,666.0,7.0,
2020-03-22,US,NY,Unknown,,,,,6.0,,
2020-03-22,US,NY,,,,,True,,87.0,
2020-03-22,US,NY,,,,,False,,7.0,
2020-03-22,US,NY,,,,,Unknown,,5.0,
2020-03-23,US,NY,,,,,,13119.0,125.0,
2020-03-23,US,NY,,,0,17,,341.0,0.0,
2020-03-23,US,NY,,,18,44,,6035.0,3.0,
2020-03-23,US,NY,,,45,64,,4343.0,31.0,
2020-03-23,US,NY,,,65,74,,1402.0,23.0,
2020-03-23,US,NY,,,75,110,,988.0,68.0,
2020-03-23,US,NY,,,Unknown,Unknown,,10.0,,
2020-03-23,US,NY,,,50,110,,5596.0,,
2020-03-23,US,NY,,,0,50,,7513.0,,
2020-03-23,US,NY,,Female,,,,5612.0,47.0,
2020-03-23,US,NY,,Male,,,,7490.0,78.0,
2020-03-23,US,NY,,Unknown,,,,17.0,,
2020-03-23,US,NY,Bronx,,,,,1999.0,28.0,
2020-03-23,US,NY,Brooklyn,,,,,3742.0,27.0,
2020-03-23,US,NY,Manhattan,,,,,2646.0,19.0,
2020-03-23,US,NY,Queens,,,,,3848.0,40.0,
2020-03-23,US,NY,Staten Island,,,,,877.0,11.0,
2020-03-23,US,NY,Unknown,,,,,7.0,,
2020-03-23,US,NY,,,,,True,,101.0,
2020-03-23,US,NY,,,,,False,,9.0,
2020-03-23,US,NY,,,,,Unknown,,15.0,
2020-03-24,US,NY,,,,,,15597.0,192.0,2883.0
2020-03-24,US,NY,,,0,17,,384.0,0.0,28.0
2020-03-24,US,NY,,,18,44,,7094.0,5.0,629.0
2020-03-24,US,NY,,,45,64,,5194.0,43.0,1061.0
2020-03-24,US,NY,,,65,74,,1689.0,44.0,550.0
2020-03-24,US,NY,,,75,110,,1227.0,100.0,615.0
2020-03-24,US,NY,,,Unknown,Unknown,,9.0,,0.0
2020-03-24,US,NY,,,50,110,,6787.0,,
2020-03-24,US,NY,,,0,50,,8801.0,,
2020-03-24,US,NY,,Female,,,,6736.0,74.0,1191.0
2020-03-24,US,NY,,Male,,,,8838.0,118.0,1691.0
2020-03-24,US,NY,,Unknown,,,,23.0,,1.0
2020-03-24,US,NY,Bronx,,,,,2505.0,41.0,600.0
2020-03-24,US,NY,Brooklyn,,,,,4407.0,42.0,637.0
2020-03-24,US,NY,Manhattan,,,,,3013.0,30.0,417.0
2020-03-24,US,NY,Queens,,,,,4667.0,61.0,1037.0
2020-03-24,US,NY,Staten Island,,,,,999.0,18.0,189.0
2020-03-24,US,NY,Unknown,,,,,6.0,,3.0
2020-03-24,US,NY,,,,,True,,158.0,
2020-03-24,US,NY,,,,,False,,8.0,
2020-03-24,US,NY,,,,,Unknown,,26.0,
2020-03-25,US,NY,,,,,,20011.0,280.0,3922.0
2020-03-25,US,NY,,,0,17,,446.0,0.0,35.0
2020-03-25,US,NY,,,18,44,,8880.0,15.0,837.0
2020-03-25,US,NY,,,45,64,,6786.0,57.0,1470.0
2020-03-25,US,NY,,,65,74,,2226.0,70.0,736.0
2020-03-25,US,NY,,,75,110,,1633.0,138.0,844.0
2020-03-25,US,NY,,,Unknown,Unknown,,40.0,,0.0
2020-03-25,US,NY,,,50,110,,8920.0,,
2020-03-25,US,NY,,,0,50,,11051.0,,
2020-03-25,US,NY,,Female,,,,8655.0,111.0,1628.0
2020-03-25,US,NY,,Male,,,,11325.0,169.0,2293.0
2020-03-25,US,NY,,Unknown,,,,31.0,,1.0
2020-03-25,US,NY,Bronx,,,,,3542.0,60.0,802.0
2020-03-25,US,NY,Brooklyn,,,,,5232.0,64.0,919.0
2020-03-25,US,NY,Manhattan,,,,,3616.0,43.0,584.0
2020-03-25,US,NY,Queens,,,,,6420.0,92.0,1363.0
2020-03-25,US,NY,Staten Island,,,,,1166.0,21.0,251.0
2020-03-25,US,NY,Unknown,,,,,35.0,,3.0
2020-03-25,US,NY,,,,,True,,231.0,
2020-03-25,US,NY,,,,,False,,10.0,
2020-03-25,US,NY,,,,,Unknown,,40.0,
2020-03-26,US,NY,,,,,,23112.0,365.0,4720.0
2020-03-26,US,NY,,,0,17,,495.0,0.0,46.0
2020-03-26,US,NY,,,18,44,,10145.0,16.0,950.0
2020-03-26,US,NY,,,45,64,,7869.0,77.0,1749.0
2020-03-26,US,NY,,,65,74,,2627.0,91.0,946.0
2020-03-26,US,NY,,,75,110,,1935.0,181.0,1029.0
2020-03-26,US,NY,,,Unknown,Unknown,,41.0,,0.0
2020-03-26,US,NY,,,50,110,,10452.0,,
2020-03-26,US,NY,,,0,50,,12619.0,,
2020-03-26,US,NY,,Female,,,,10124.0,149.0,1918.0
2020-03-26,US,NY,,Male,,,,12948.0,216.0,2801.0
2020-03-26,US,NY,,Unknown,,,,40.0,,1.0
2020-03-26,US,NY,Bronx,,,,,4243.0,80.0,1071.0
2020-03-26,US,NY,Brooklyn,,,,,6095.0,81.0,968.0
2020-03-26,US,NY,Manhattan,,,,,4046.0,55.0,729.0
2020-03-26,US,NY,Queens,,,,,7362.0,123.0,1659.0
2020-03-26,US,NY,Staten Island,,,,,1330.0,26.0,283.0
2020-03-26,US,NY,Unknown,,,,,36.0,,10.0
2020-03-26,US,NY,,,,,True,,295.0,
2020-03-26,US,NY,,,,,False,,10.0,
2020-03-26,US,NY,,,,,Unknown,,60.0,
2020-03-27,US,NY,,,,,,26697.0,450.0,5039.0
2020-03-27,US,NY,,,0,17,,543.0,0.0,47.0
2020-03-27,US,NY,,,18,44,,11617.0,20.0,971.0
2020-03-27,US,NY,,,45,64,,9158.0,104.0,1886.0
2020-03-27,US,NY,,,65,74,,3034.0,110.0,1032.0
2020-03-27,US,NY,,,75,110,,2286.0,216.0,1103.0
2020-03-27,US,NY,,,Unknown,Unknown,,59.0,,0.0
2020-03-27,US,NY,,,50,110,,12209.0,,
2020-03-27,US,NY,,,0,50,,14429.0,,
2020-03-27,US,NY,,Female,,,,11792.0,181.0,2035.0
2020-03-27,US,NY,,Male,,,,14863.0,269.0,3003.0
2020-03-27,US,NY,,Unknown,,,,42.0,,1.0
2020-03-27,US,NY,Bronx,,,,,4880.0,101.0,1200.0
2020-03-27,US,NY,Brooklyn,,,,,7091.0,102.0,989.0
2020-03-27,US,NY,Manhattan,,,,,4627.0,65.0,709.0
2020-03-27,US,NY,Queens,,,,,8529.0,149.0,1810.0
2020-03-27,US,NY,Staten Island,,,,,1534.0,33.0,321.0
2020-03-27,US,NY,Unknown,,,,,36.0,,10.0
2020-03-27,US,NY,,,0,17,True,,0.0,
2020-03-27,US,NY,,,0,17,False,,0.0,
2020-03-27,US,NY,,,0,17,Unknown,,0.0,
2020-03-27,US,NY,,,18,44,True,,15.0,
2020-03-27,US,NY,,,18,44,False,,1.0,
2020-03-27,US,NY,,,18,44,Unknown,,4.0,
2020-03-27,US,NY,,,45,64,True,,79.0,
2020-03-27,US,NY,,,45,64,False,,7.0,
2020-03-27,US,NY,,,45,64,Unknown,,18.0,
2020-03-27,US,NY,,,65,74,True,,90.0,
2020-03-27,US,NY,,,65,74,False,,2.0,
2020-03-27,US,NY,,,65,74,Unknown,,18.0,
2020-03-27,US,NY,,,75,110,True,,189.0,
2020-03-27,US,NY,,,75,110,False,,4.0,
2020-03-27,US,NY,,,75,110,Unknown,,23.0,
2020-03-27,US,NY,,Female,,,True,,155.0,
2020-03-27,US,NY,,Female,,,False,,5.0,
2020-03-27,US,NY,,Female,,,Unknown,,21.0,
2020-03-27,US,NY,,Male,,,True,,218.0,
2020-03-27,US,NY,,Male,,,False,,9.0,
2020-03-27,US,NY,,Male,,,Unknown,,42.0,
2020-03-27,US,NY,Bronx,,,,True,,92.0,
2020-03-27,US,NY,Bronx,,,,False,,0.0,
2020-03-27,US,NY,Bronx,,,,Unknown,,9.0,
2020-03-27,US,NY,Brooklyn,,,,True,,77.0,
2020-03-27,US,NY,Brooklyn,,,,False,,5.0,
2020-03-27,US,NY,Brooklyn,,,,Unknown,,20.0,
2020-03-27,US,NY,Manhattan,,,,True,,53.0,
2020-03-27,US,NY,Manhattan,,,,False,,2.0,
2020-03-27,US,NY,Manhattan,,,,Unknown,,10.0,
2020-03-27,US,NY,Queens,,,,True,,125.0,
2020-03-27,US,NY,Queens,,,,False,,6.0,
2020-03-27,US,NY,Queens,,,,Unknown,,18.0,
2020-03-27,US,NY,Staten Island,,,,True,,26.0,
2020-03-27,US,NY,Staten Island,,,,False,,1.0,
2020-03-27,US,NY,Staten Island,,,,Unknown,,6.0,
2020-03-27,US,NY,,,,,True,,373.0,
2020-03-27,US,NY,,,,,False,,14.0,
2020-03-27,US,NY,,,,,Unknown,,63.0,
2020-03-28,US,NY,,,,,,30765.0,672.0,6287.0
2020-03-28,US,NY,,,0,17,,591.0,0.0,58.0
2020-03-28,US,NY,,,18,44,,13213.0,32.0,1224.0
2020-03-28,US,NY,,,45,64,,10596.0,161.0,2350.0
2020-03-28,US,NY,,,65,74,,3571.0,158.0,1267.0
2020-03-28,US,NY,,,75,110,,2724.0,321.0,1388.0
2020-03-28,US,NY,,,Unknown,Unknown,,70.0,,0.0
2020-03-28,US,NY,,,50,110,,14279.0,,
2020-03-28,US,NY,,,0,50,,16416.0,,
2020-03-28,US,NY,,Female,,,,13592.0,261.0,2545.0
2020-03-28,US,NY,,Male,,,,17133.0,411.0,3741.0
2020-03-28,US,NY,,Unknown,,,,40.0,,1.0
2020-03-28,US,NY,Bronx,,,,,5752.0,152.0,1433.0
2020-03-28,US,NY,Brooklyn,,,,,8129.0,167.0,1372.0
2020-03-28,US,NY,Manhattan,,,,,5237.0,93.0,916.0
2020-03-28,US,NY,Queens,,,,,9831.0,216.0,2181.0
2020-03-28,US,NY,Staten Island,,,,,1781.0,43.0,374.0
2020-03-28,US,NY,Unknown,,,,,35.0,1.0,11.0
2020-03-28,US,NY,,,0,17,True,,0.0,
2020-03-28,US,NY,,,0,17,False,,0.0,
2020-03-28,US,NY,,,0,17,Unknown,,0.0,
2020-03-28,US,NY,,,18,44,True,,23.0,
2020-03-28,US,NY,,,18,44,False,,1.0,
2020-03-28,US,NY,,,18,44,Unknown,,8.0,
2020-03-28,US,NY,,,45,64,True,,125.0,
2020-03-28,US,NY,,,45,64,False,,8.0,
2020-03-28,US,NY,,,45,64,Unknown,,28.0,
2020-03-28,US,NY,,,65,74,True,,125.0,
2020-03-28,US,NY,,,65,74,False,,2.0,
2020-03-28,US,NY,,,65,74,Unknown,,31.0,
2020-03-28,US,NY,,,75,110,True,,254.0,
2020-03-28,US,NY,,,75,110,False,,6.0,
2020-03-28,US,NY,,,75,110,Unknown,,61.0,
2020-03-28,US,NY,,Female,,,True,,213.0,
2020-03-28,US,NY,,Female,,,False,,6.0,
2020-03-28,US,NY,,Female,,,Unknown,,42.0,
2020-03-28,US,NY,,Male,,,True,,314.0,
2020-03-28,US,NY,,Male,,,False,,11.0,
2020-03-28,US,NY,,Male,,,Unknown,,86.0,
2020-03-28,US,NY,Bronx,,,,True,,142.0,
2020-03-28,US,NY,Bronx,,,,False,,1.0,
2020-03-28,US,NY,Bronx,,,,Unknown,,9.0,
2020-03-28,US,NY,Brooklyn,,,,True,,112.0,
2020-03-28,US,NY,Brooklyn,,,,False,,5.0,
2020-03-28,US,NY,Brooklyn,,,,Unknown,,50.0,
2020-03-28,US,NY,Manhattan,,,,True,,71.0,
2020-03-28,US,NY,Manhattan,,,,False,,2.0,
2020-03-28,US,NY,Manhattan,,,,Unknown,,20.0,
2020-03-28,US,NY,Queens,,,,True,,168.0,
2020-03-28,US,NY,Queens,,,,False,,9.0,
2020-03-28,US,NY,Queens,,,,Unknown,,39.0,
2020-03-28,US,NY,Staten Island,,,,True,,33.0,
2020-03-28,US,NY,Staten Island,,,,False,,0.0,
2020-03-28,US,NY,Staten Island,,,,Unknown,,10.0,
2020-03-28,US,NY,Unknown,,,,True,,1.0,
2020-03-28,US,NY,Unknown,,,,False,,0.0,
2020-03-28,US,NY,Unknown,,,,Unknown,,0.0,
2020-03-28,US,NY,,,,,True,,527.0,
2020-03-28,US,NY,,,,,False,,17.0,
2020-03-28,US,NY,,,,,Unknown,,128.0,
2020-03-29,US,NY,,,,,,33474.0,776.0,7410.0
2020-03-29,US,NY,,,0,17,,619.0,1.0,67.0
2020-03-29,US,NY,,,18,44,,14233.0,39.0,1459.0
2020-03-29,US,NY,,,45,64,,11577.0,185.0,2765.0
2020-03-29,US,NY,,,65,74,,3954.0,183.0,1499.0
2020-03-29,US,NY,,,75,110,,3020.0,368.0,1620.0
2020-03-29,US,NY,,,Unknown,Unknown,,71.0,,0.0
2020-03-29,US,NY,,,50,110,,15706.0,,
2020-03-29,US,NY,,,0,50,,17697.0,,
2020-03-29,US,NY,,Female,,,,14837.0,302.0,3001.0
2020-03-29,US,NY,,Male,,,,18593.0,474.0,4408.0
2020-03-29,US,NY,,Unknown,,,,44.0,,1.0
2020-03-29,US,NY,Bronx,,,,,6250.0,188.0,1729.0
2020-03-29,US,NY,Brooklyn,,,,,8887.0,185.0,1617.0
2020-03-29,US,NY,Manhattan,,,,,5582.0,103.0,1074.0
2020-03-29,US,NY,Queens,,,,,10737.0,253.0,2536.0
2020-03-29,US,NY,Staten Island,,,,,1984.0,46.0,444.0
2020-03-29,US,NY,Unknown,,,,,34.0,1.0,10.0
2020-03-29,US,NY,,,0,17,True,,1.0,
2020-03-29,US,NY,,,0,17,False,,0.0,
2020-03-29,US,NY,,,0,17,Unknown,,0.0,
2020-03-29,US,NY,,,18,44,True,,28.0,
2020-03-29,US,NY,,,18,44,False,,1.0,
2020-03-29,US,NY,,,18,44,Unknown,,10.0,
2020-03-29,US,NY,,,45,64,True,,140.0,
2020-03-29,US,NY,,,45,64,False,,8.0,
2020-03-29,US,NY,,,45,64,Unknown,,37.0,
2020-03-29,US,NY,,,65,74,True,,152.0,
2020-03-29,US,NY,,,65,74,False,,1.0,
2020-03-29,US,NY,,,65,74,Unknown,,30.0,
2020-03-29,US,NY,,,75,110,True,,303.0,
2020-03-29,US,NY,,,75,110,False,,3.0,
2020-03-29,US,NY,,,75,110,Unknown,,62.0,
2020-03-29,US,NY,,Female,,,True,,246.0,
2020-03-29,US,NY,,Female,,,False,,5.0,
2020-03-29,US,NY,,Female,,,Unknown,,51.0,
2020-03-29,US,NY,,Male,,,True,,378.0,
2020-03-29,US,NY,,Male,,,False,,8.0,
2020-03-29,US,NY,,Male,,,Unknown,,88.0,
2020-03-29,US,NY,Bronx,,,,True,,176.0,
2020-03-29,US,NY,Bronx,,,,False,,0.0,
2020-03-29,US,NY,Bronx,,,,Unknown,,12.0,
2020-03-29,US,NY,Brooklyn,,,,True,,136.0,
2020-03-29,US,NY,Brooklyn,,,,False,,5.0,
2020-03-29,US,NY,Brooklyn,,,,Unknown,,44.0,
2020-03-29,US,NY,Manhattan,,,,True,,82.0,
2020-03-29,US,NY,Manhattan,,,,False,,1.0,
2020-03-29,US,NY,Manhattan,,,,Unknown,,20.0,
2020-03-29,US,NY,Queens,,,,True,,194.0,
2020-03-29,US,NY,Queens,,,,False,,7.0,
2020-03-29,US,NY,Queens,,,,Unknown,,52.0,
2020-03-29,US,NY,Staten Island,,,,True,,35.0,
2020-03-29,US,NY,Staten Island,,,,False,,0.0,
2020-03-29,US,NY,Staten Island,,,,Unknown,,11.0,
2020-03-29,US,NY,Unknown,,,,True,,1.0,
2020-03-29,US,NY,Unknown,,,,False,,0.0,
2020-03-29,US,NY,Unknown,,,,Unknown,,0.0,
2020-03-29,US,NY,,,,,True,,624.0,
2020-03-29,US,NY,,,,,False,,13.0,
2020-03-29,US,NY,,,,,Unknown,,139.0,
2020-03-30,US,NY,,,,,,38087.0,914.0,7741.0
2020-03-30,US,NY,,,0,17,,714.0,1.0,72.0
2020-03-30,US,NY,,,18,44,,16028.0,54.0,1448.0
2020-03-30,US,NY,,,45,64,,13344.0,216.0,2887.0
2020-03-30,US,NY,,,65,74,,4496.0,215.0,1612.0
2020-03-30,US,NY,,,75,110,,3410.0,428.0,1722.0
2020-03-30,US,NY,,,Unknown,Unknown,,95.0,,0.0
2020-03-30,US,NY,,,50,110,,17958.0,,
2020-03-30,US,NY,,,0,50,,20034.0,,
2020-03-30,US,NY,,Female,,,,16920.0,344.0,3130.0
2020-03-30,US,NY,,Male,,,,21120.0,569.0,4610.0
2020-03-30,US,NY,,Unknown,,,,47.0,1.0,1.0
2020-03-30,US,NY,Bronx,,,,,6925.0,215.0,1880.0
2020-03-30,US,NY,Brooklyn,,,,,10171.0,216.0,1661.0
2020-03-30,US,NY,Manhattan,,,,,6060.0,119.0,1075.0
2020-03-30,US,NY,Queens,,,,,12756.0,305.0,2650.0
2020-03-30,US,NY,Staten Island,,,,,2140.0,58.0,465.0
2020-03-30,US,NY,Unknown,,,,,35.0,1.0,10.0
2020-03-30,US,NY,,,0,17,True,,1.0,
2020-03-30,US,NY,,,0,17,False,,0.0,
2020-03-30,US,NY,,,0,17,Unknown,,0.0,
2020-03-30,US,NY,,,18,44,True,,39.0,
2020-03-30,US,NY,,,18,44,False,,2.0,
2020-03-30,US,NY,,,18,44,Unknown,,13.0,
2020-03-30,US,NY,,,45,64,True,,170.0,
2020-03-30,US,NY,,,45,64,False,,9.0,
2020-03-30,US,NY,,,45,64,Unknown,,37.0,
2020-03-30,US,NY,,,65,74,True,,167.0,
2020-03-30,US,NY,,,65,74,False,,0.0,
2020-03-30,US,NY,,,65,74,Unknown,,48.0,
2020-03-30,US,NY,,,75,110,True,,327.0,
2020-03-30,US,NY,,,75,110,False,,3.0,
2020-03-30,US,NY,,,75,110,Unknown,,98.0,
2020-03-30,US,NY,,Female,,,True,,270.0,
2020-03-30,US,NY,,Female,,,False,,4.0,
2020-03-30,US,NY,,Female,,,Unknown,,70.0,
2020-03-30,US,NY,,Male,,,True,,433.0,
2020-03-30,US,NY,,Male,,,False,,10.0,
2020-03-30,US,NY,,Male,,,Unknown,,126.0,
2020-03-30,US,NY,,Unknown,,,True,,1.0,
2020-03-30,US,NY,,Unknown,,,False,,0.0,
2020-03-30,US,NY,,Unknown,,,Unknown,,0.0,
2020-03-30,US,NY,Bronx,,,,True,,198.0,
2020-03-30,US,NY,Bronx,,,,False,,1.0,
2020-03-30,US,NY,Bronx,,,,Unknown,,16.0,
2020-03-30,US,NY,Brooklyn,,,,True,,153.0,
2020-03-30,US,NY,Brooklyn,,,,False,,4.0,
2020-03-30,US,NY,Brooklyn,,,,Unknown,,59.0,
2020-03-30,US,NY,Manhattan,,,,True,,90.0,
2020-03-30,US,NY,Manhattan,,,,False,,1.0,
2020-03-30,US,NY,Manhattan,,,,Unknown,,28.0,
2020-03-30,US,NY,Queens,,,,True,,222.0,
2020-03-30,US,NY,Queens,,,,False,,8.0,
2020-03-30,US,NY,Queens,,,,Unknown,,75.0,
2020-03-30,US,NY,Staten Island,,,,True,,40.0,
2020-03-30,US,NY,Staten Island,,,,False,,0.0,
2020-03-30,US,NY,Staten Island,,,,Unknown,,18.0,
2020-03-30,US,NY,Unknown,,,,True,,1.0,
2020-03-30,US,NY,Unknown,,,,False,,0.0,
2020-03-30,US,NY,Unknown,,,,Unknown,,0.0,
2020-03-30,US,NY,,,,,True,,704.0,
2020-03-30,US,NY,,,,,False,,14.0,
2020-03-30,US,NY,,,,,Unknown,,196.0,
2020-03-31,US,NY,,,,,,41771.0,1096.0,8549.0
2020-03-31,US,NY,,,0,17,,757.0,1.0,74.0
2020-03-31,US,NY,,,18,44,,17347.0,67.0,1532.0
2020-03-31,US,NY,,,45,64,,14689.0,259.0,3195.0
2020-03-31,US,NY,,,65,74,,5015.0,255.0,1826.0
2020-03-31,US,NY,,,75,110,,3866.0,514.0,1922.0
2020-03-31,US,NY,,,Unknown,Unknown,,97.0,,0.0
2020-03-31,US,NY,,,50,110,,19973.0,,
2020-03-31,US,NY,,,0,50,,21701.0,,
2020-03-31,US,NY,,Female,,,,18677.0,401.0,3455.0
2020-03-31,US,NY,,Male,,,,23043.0,694.0,5093.0
2020-03-31,US,NY,,Unknown,,,,51.0,1.0,1.0
2020-03-31,US,NY,Bronx,,,,,7815.0,262.0,2056.0
2020-03-31,US,NY,Brooklyn,,,,,11160.0,261.0,1901.0
2020-03-31,US,NY,Manhattan,,,,,6538.0,129.0,1130.0
2020-03-31,US,NY,Queens,,,,,13869.0,376.0,2954.0
2020-03-31,US,NY,Staten Island,,,,,2354.0,67.0,499.0
2020-03-31,US,NY,Unknown,,,,,35.0,1.0,9.0
2020-03-31,US,NY,,,0,17,True,,1.0,
2020-03-31,US,NY,,,0,17,False,,0.0,
2020-03-31,US,NY,,,0,17,Unknown,,0.0,
2020-03-31,US,NY,,,18,44,True,,45.0,
2020-03-31,US,NY,,,18,44,False,,2.0,
2020-03-31,US,NY,,,18,44,Unknown,,20.0,
2020-03-31,US,NY,,,45,64,True,,187.0,
2020-03-31,US,NY,,,45,64,False,,9.0,
2020-03-31,US,NY,,,45,64,Unknown,,63.0,
2020-03-31,US,NY,,,65,74,True,,187.0,
2020-03-31,US,NY,,,65,74,False,,0.0,
2020-03-31,US,NY,,,65,74,Unknown,,68.0,
2020-03-31,US,NY,,,75,110,True,,351.0,
2020-03-31,US,NY,,,75,110,False,,3.0,
2020-03-31,US,NY,,,75,110,Unknown,,160.0,
2020-03-31,US,NY,,Female,,,True,,289.0,
2020-03-31,US,NY,,Female,,,False,,4.0,
2020-03-31,US,NY,,Female,,,Unknown,,108.0,
2020-03-31,US,NY,,Male,,,True,,481.0,
2020-03-31,US,NY,,Male,,,False,,10.0,
2020-03-31,US,NY,,Male,,,Unknown,,203.0,
2020-03-31,US,NY,,Unknown,,,True,,1.0,
2020-03-31,US,NY,,Unknown,,,False,,0.0,
2020-03-31,US,NY,,Unknown,,,Unknown,,0.0,
2020-03-31,US,NY,Bronx,,,,True,,230.0,
2020-03-31,US,NY,Bronx,,,,False,,1.0,
2020-03-31,US,NY,Bronx,,,,Unknown,,31.0,
2020-03-31,US,NY,Brooklyn,,,,True,,163.0,
2020-03-31,US,NY,Brooklyn,,,,False,,4.0,
2020-03-31,US,NY,Brooklyn,,,,Unknown,,94.0,
2020-03-31,US,NY,Manhattan,,,,True,,93.0,
2020-03-31,US,NY,Manhattan,,,,False,,1.0,
2020-03-31,US,NY,Manhattan,,,,Unknown,,35.0,
2020-03-31,US,NY,Queens,,,,True,,240.0,
2020-03-31,US,NY,Queens,,,,False,,8.0,
2020-03-31,US,NY,Queens,,,,Unknown,,128.0,
2020-03-31,US,NY,Staten Island,,,,True,,44.0,
2020-03-31,US,NY,Staten Island,,,,False,,0.0,
2020-03-31,US,NY,Staten Island,,,,Unknown,,23.0,
2020-03-31,US,NY,Unknown,,,,True,,1.0,
2020-03-31,US,NY,Unknown,,,,False,,0.0,
2020-03-31,US,NY,Unknown,,,,Unknown,,0.0,
2020-03-31,US,NY,,,,,True,,771.0,
2020-03-31,US,NY,,,,,False,,14.0,
2020-03-31,US,NY,,,,,Unknown,,311.0,
2020-04-01,US,NY,,,,,,45707.0,1374.0,9775.0
2020-04-01,US,NY,,,0,17,,816.0,1.0,83.0
2020-04-01,US,NY,,,18,44,,18767.0,78.0,1711.0
2020-04-01,US,NY,,,45,64,,16104.0,333.0,3658.0
2020-04-01,US,NY,,,65,74,,5584.0,334.0,2114.0
2020-04-01,US,NY,,,75,110,,4328.0,628.0,2209.0
2020-04-01,US,NY,,,Unknown,Unknown,,108.0,,0.0
2020-04-01,US,NY,,,50,110,,22061.0,,
2020-04-01,US,NY,,,0,50,,23538.0,,
2020-04-01,US,NY,,Female,,,,20522.0,512.0,3980.0
2020-04-01,US,NY,,Male,,,,25128.0,861.0,5792.0
2020-04-01,US,NY,,Unknown,,,,57.0,1.0,3.0
2020-04-01,US,NY,Bronx,,,,,8608.0,360.0,2414.0
2020-04-01,US,NY,Brooklyn,,,,,12274.0,328.0,2229.0
2020-04-01,US,NY,Manhattan,,,,,7021.0,165.0,1287.0
2020-04-01,US,NY,Queens,,,,,15217.0,447.0,3287.0
2020-04-01,US,NY,Staten Island,,,,,2552.0,73.0,549.0
2020-04-01,US,NY,Unknown,,,,,35.0,1.0,9.0
2020-04-01,US,NY,,,0,17,True,,1.0,
2020-04-01,US,NY,,,0,17,False,,0.0,
2020-04-01,US,NY,,,0,17,Unknown,,0.0,
2020-04-01,US,NY,,,18,44,True,,51.0,
2020-04-01,US,NY,,,18,44,False,,4.0,
2020-04-01,US,NY,,,18,44,Unknown,,23.0,
2020-04-01,US,NY,,,45,64,True,,254.0,
2020-04-01,US,NY,,,45,64,False,,9.0,
2020-04-01,US,NY,,,45,64,Unknown,,70.0,
2020-04-01,US,NY,,,65,74,True,,257.0,
2020-04-01,US,NY,,,65,74,False,,1.0,
2020-04-01,US,NY,,,65,74,Unknown,,76.0,
2020-04-01,US,NY,,,75,110,True,,431.0,
2020-04-01,US,NY,,,75,110,False,,4.0,
2020-04-01,US,NY,,,75,110,Unknown,,193.0,
2020-04-01,US,NY,,Female,,,True,,373.0,
2020-04-01,US,NY,,Female,,,False,,4.0,
2020-04-01,US,NY,,Female,,,Unknown,,135.0,
2020-04-01,US,NY,,Male,,,True,,620.0,
2020-04-01,US,NY,,Male,,,False,,14.0,
2020-04-01,US,NY,,Male,,,Unknown,,227.0,
2020-04-01,US,NY,,Unknown,,,True,,1.0,
2020-04-01,US,NY,,Unknown,,,False,,0.0,
2020-04-01,US,NY,,Unknown,,,Unknown,,0.0,
2020-04-01,US,NY,Bronx,,,,True,,305.0,
2020-04-01,US,NY,Bronx,,,,False,,4.0,
2020-04-01,US,NY,Bronx,,,,Unknown,,51.0,
2020-04-01,US,NY,Brooklyn,,,,True,,207.0,
2020-04-01,US,NY,Brooklyn,,,,False,,4.0,
2020-04-01,US,NY,Brooklyn,,,,Unknown,,117.0,
2020-04-01,US,NY,Manhattan,,,,True,,113.0,
2020-04-01,US,NY,Manhattan,,,,False,,1.0,
2020-04-01,US,NY,Manhattan,,,,Unknown,,51.0,
2020-04-01,US,NY,Queens,,,,True,,311.0,
2020-04-01,US,NY,Queens,,,,False,,9.0,
2020-04-01,US,NY,Queens,,,,Unknown,,127.0,
2020-04-01,US,NY,Staten Island,,,,True,,57.0,
2020-04-01,US,NY,Staten Island,,,,False,,0.0,
2020-04-01,US,NY,Staten Island,,,,Unknown,,16.0,
2020-04-01,US,NY,Unknown,,,,True,,1.0,
2020-04-01,US,NY,Unknown,,,,False,,0.0,
2020-04-01,US,NY,Unknown,,,,Unknown,,0.0,
2020-04-01,US,NY,,,,,True,,994.0,
2020-04-01,US,NY,,,,,False,,18.0,
2020-04-01,US,NY,,,,,Unknown,,362.0,
2020-04-02,US,NY,,,,,,49707.0,1562.0,10590.0
2020-04-02,US,NY,,,0,17,,881.0,1.0,88.0
2020-04-02,US,NY,,,18,44,,20313.0,90.0,1817.0
2020-04-02,US,NY,,,45,64,,17497.0,382.0,3962.0
2020-04-02,US,NY,,,65,74,,6095.0,376.0,2300.0
2020-04-02,US,NY,,,75,110,,4811.0,713.0,2423.0
2020-04-02,US,NY,,,Unknown,Unknown,,110.0,,0.0
2020-04-02,US,NY,,,50,110,,24129.0,,
2020-04-02,US,NY,,,0,50,,25468.0,,
2020-04-02,US,NY,,Female,,,,22485.0,589.0,4292.0
2020-04-02,US,NY,,Male,,,,27155.0,971.0,6295.0
2020-04-02,US,NY,,Unknown,,,,67.0,2.0,3.0
2020-04-02,US,NY,Bronx,,,,,9344.0,421.0,2657.0
2020-04-02,US,NY,Brooklyn,,,,,13290.0,385.0,2444.0
2020-04-02,US,NY,Manhattan,,,,,7397.0,178.0,1337.0
2020-04-02,US,NY,Queens,,,,,16819.0,499.0,3531.0
2020-04-02,US,NY,Staten Island,,,,,2822.0,78.0,612.0
2020-04-02,US,NY,Unknown,,,,,35.0,1.0,9.0
2020-04-02,US,NY,,,0,17,True,,1.0,
2020-04-02,US,NY,,,0,17,False,,0.0,
2020-04-02,US,NY,,,0,17,Unknown,,0.0,
2020-04-02,US,NY,,,18,44,True,,64.0,
2020-04-02,US,NY,,,18,44,False,,7.0,
2020-04-02,US,NY,,,18,44,Unknown,,19.0,
2020-04-02,US,NY,,,45,64,True,,304.0,
2020-04-02,US,NY,,,45,64,False,,13.0,
2020-04-02,US,NY,,,45,64,Unknown,,65.0,
2020-04-02,US,NY,,,65,74,True,,304.0,
2020-04-02,US,NY,,,65,74,False,,1.0,
2020-04-02,US,NY,,,65,74,Unknown,,71.0,
2020-04-02,US,NY,,,75,110,True,,472.0,
2020-04-02,US,NY,,,75,110,False,,3.0,
2020-04-02,US,NY,,,75,110,Unknown,,238.0,
2020-04-02,US,NY,,Female,,,True,,432.0,
2020-04-02,US,NY,,Female,,,False,,6.0,
2020-04-02,US,NY,,Female,,,Unknown,,151.0,
2020-04-02,US,NY,,Male,,,True,,711.0,
2020-04-02,US,NY,,Male,,,False,,18.0,
2020-04-02,US,NY,,Male,,,Unknown,,242.0,
2020-04-02,US,NY,,Unknown,,,True,,2.0,
2020-04-02,US,NY,,Unknown,,,False,,0.0,
2020-04-02,US,NY,,Unknown,,,Unknown,,0.0,
2020-04-02,US,NY,Bronx,,,,True,,367.0,
2020-04-02,US,NY,Bronx,,,,False,,7.0,
2020-04-02,US,NY,Bronx,,,,Unknown,,47.0,
2020-04-02,US,NY,Brooklyn,,,,True,,247.0,
2020-04-02,US,NY,Brooklyn,,,,False,,4.0,
2020-04-02,US,NY,Brooklyn,,,,Unknown,,134.0,
2020-04-02,US,NY,Manhattan,,,,True,,124.0,
2020-04-02,US,NY,Manhattan,,,,False,,2.0,
2020-04-02,US,NY,Manhattan,,,,Unknown,,52.0,
2020-04-02,US,NY,Queens,,,,True,,346.0,
2020-04-02,US,NY,Queens,,,,False,,11.0,
2020-04-02,US,NY,Queens,,,,Unknown,,142.0,
2020-04-02,US,NY,Staten Island,,,,True,,60.0,
2020-04-02,US,NY,Staten Island,,,,False,,0.0,
2020-04-02,US,NY,Staten Island,,,,Unknown,,18.0,
2020-04-02,US,NY,Unknown,,,,True,,1.0,
2020-04-02,US,NY,Unknown,,,,False,,0.0,
2020-04-02,US,NY,Unknown,,,,Unknown,,0.0,
2020-04-02,US,NY,,,,,True,,1145.0,
2020-04-02,US,NY,,,,,False,,24.0,
2020-04-02,US,NY,,,,,Unknown,,393.0,
2020-04-03,US,NY,,,,,,56289.0,1867.0,11739.0
2020-04-03,US,NY,,,0,17,,988.0,1.0,92.0
2020-04-03,US,NY,,,18,44,,22434.0,110.0,1962.0
2020-04-03,US,NY,,,45,64,,19971.0,442.0,4368.0
2020-04-03,US,NY,,,65,74,,7064.0,461.0,2572.0
2020-04-03,US,NY,,,75,110,,5709.0,853.0,2745.0
2020-04-03,US,NY,,,Unknown,Unknown,,123.0,,0.0
2020-04-03,US,NY,,,50,110,,27939.0,,
2020-04-03,US,NY,,,0,50,,28227.0,,
2020-04-03,US,NY,,Female,,,,25536.0,706.0,4765.0
2020-04-03,US,NY,,Male,,,,30672.0,1159.0,6970.0
2020-04-03,US,NY,,Unknown,,,,81.0,2.0,4.0
2020-04-03,US,NY,Bronx,,,,,10766.0,480.0,2924.0
2020-04-03,US,NY,Brooklyn,,,,,15327.0,485.0,2826.0
2020-04-03,US,NY,Manhattan,,,,,8221.0,215.0,1414.0
2020-04-03,US,NY,Queens,,,,,18823.0,590.0,3889.0
2020-04-03,US,NY,Staten Island,,,,,3117.0,96.0,677.0
2020-04-03,US,NY,Unknown,,,,,35.0,1.0,9.0
2020-04-03,US,NY,,,0,17,True,,1.0,
2020-04-03,US,NY,,,0,17,False,,0.0,
2020-04-03,US,NY,,,0,17,Unknown,,0.0,
2020-04-03,US,NY,,,18,44,True,,75.0,
2020-04-03,US,NY,,,18,44,False,,8.0,
2020-04-03,US,NY,,,18,44,Unknown,,27.0,
2020-04-03,US,NY,,,45,64,True,,347.0,
2020-04-03,US,NY,,,45,64,False,,16.0,
2020-04-03,US,NY,,,45,64,Unknown,,79.0,
2020-04-03,US,NY,,,65,74,True,,337.0,
2020-04-03,US,NY,,,65,74,False,,1.0,
2020-04-03,US,NY,,,65,74,Unknown,,123.0,
2020-04-03,US,NY,,,75,110,True,,525.0,
2020-04-03,US,NY,,,75,110,False,,3.0,
2020-04-03,US,NY,,,75,110,Unknown,,325.0,
2020-04-03,US,NY,,Female,,,True,,490.0,
2020-04-03,US,NY,,Female,,,False,,5.0,
2020-04-03,US,NY,,Female,,,Unknown,,211.0,
2020-04-03,US,NY,,Male,,,True,,793.0,
2020-04-03,US,NY,,Male,,,False,,23.0,
2020-04-03,US,NY,,Male,,,Unknown,,343.0,
2020-04-03,US,NY,,Unknown,,,True,,2.0,
2020-04-03,US,NY,,Unknown,,,False,,0.0,
2020-04-03,US,NY,,Unknown,,,Unknown,,0.0,
2020-04-03,US,NY,Bronx,,,,True,,419.0,
2020-04-03,US,NY,Bronx,,,,False,,7.0,
2020-04-03,US,NY,Bronx,,,,Unknown,,54.0,
2020-04-03,US,NY,Brooklyn,,,,True,,277.0,
2020-04-03,US,NY,Brooklyn,,,,False,,7.0,
2020-04-03,US,NY,Brooklyn,,,,Unknown,,201.0,
2020-04-03,US,NY,Manhattan,,,,True,,141.0,
2020-04-03,US,NY,Manhattan,,,,False,,3.0,
2020-04-03,US,NY,Manhattan,,,,Unknown,,71.0,
2020-04-03,US,NY,Queens,,,,True,,382.0,
2020-04-03,US,NY,Queens,,,,False,,11.0,
2020-04-03,US,NY,Queens,,,,Unknown,,197.0,
2020-04-03,US,NY,Staten Island,,,,True,,65.0,
2020-04-03,US,NY,Staten Island,,,,False,,0.0,
2020-04-03,US,NY,Staten Island,,,,Unknown,,31.0,
2020-04-03,US,NY,Unknown,,,,True,,1.0,
2020-04-03,US,NY,Unknown,,,,False,,0.0,
2020-04-03,US,NY,Unknown,,,,Unknown,,0.0,
2020-04-03,US,NY,,,,,True,,1285.0,
2020-04-03,US,NY,,,,,False,,28.0,
2020-04-03,US,NY,,,,,Unknown,,554.0,
2020-04-04,US,NY,,,,,,60850.0,2254.0,12716.0
2020-04-04,US,NY,,,0,17,,1077.0,2.0,96.0
2020-04-04,US,NY,,,18,44,,23952.0,132.0,2070.0
2020-04-04,US,NY,,,45,64,,21644.0,535.0,4729.0
2020-04-04,US,NY,,,65,74,,7716.0,557.0,2803.0
2020-04-04,US,NY,,,75,110,,6337.0,1028.0,3018.0
2020-04-04,US,NY,,,Unknown,Unknown,,124.0,,0.0
2020-04-04,US,NY,,,50,110,,30528.0,,
2020-04-04,US,NY,,,0,50,,30198.0,,
2020-04-04,US,NY,,Female,,,,27660.0,836.0,5116.0
2020-04-04,US,NY,,Male,,,,33100.0,1416.0,7596.0
2020-04-04,US,NY,,Unknown,,,,90.0,2.0,4.0
2020-04-04,US,NY,Bronx,,,,,11821.0,576.0,3219.0
2020-04-04,US,NY,Brooklyn,,,,,16488.0,610.0,3089.0
2020-04-04,US,NY,Manhattan,,,,,8780.0,264.0,1565.0
2020-04-04,US,NY,Queens,,,,,20371.0,685.0,4119.0
2020-04-04,US,NY,Staten Island,,,,,3355.0,118.0,715.0
2020-04-04,US,NY,Unknown,,,,,35.0,1.0,9.0
2020-04-04,US,NY,,,0,17,True,,2.0,
2020-04-04,US,NY,,,0,17,False,,0.0,
2020-04-04,US,NY,,,0,17,Unknown,,0.0,
2020-04-04,US,NY,,,18,44,True,,87.0,
2020-04-04,US,NY,,,18,44,False,,8.0,
2020-04-04,US,NY,,,18,44,Unknown,,37.0,
2020-04-04,US,NY,,,45,64,True,,400.0,
2020-04-04,US,NY,,,45,64,False,,19.0,
2020-04-04,US,NY,,,45,64,Unknown,,116.0,
2020-04-04,US,NY,,,65,74,True,,399.0,
2020-04-04,US,NY,,,65,74,False,,4.0,
2020-04-04,US,NY,,,65,74,Unknown,,154.0,
2020-04-04,US,NY,,,75,110,True,,610.0,
2020-04-04,US,NY,,,75,110,False,,4.0,
2020-04-04,US,NY,,,75,110,Unknown,,414.0,
2020-04-04,US,NY,,Female,,,True,,559.0,
2020-04-04,US,NY,,Female,,,False,,7.0,
2020-04-04,US,NY,,Female,,,Unknown,,270.0,
2020-04-04,US,NY,,Male,,,True,,937.0,
2020-04-04,US,NY,,Male,,,False,,28.0,
2020-04-04,US,NY,,Male,,,Unknown,,451.0,
2020-04-04,US,NY,,Unknown,,,True,,2.0,
2020-04-04,US,NY,,Unknown,,,False,,0.0,
2020-04-04,US,NY,,Unknown,,,Unknown,,0.0,
2020-04-04,US,NY,Bronx,,,,True,,505.0,
2020-04-04,US,NY,Bronx,,,,False,,8.0,
2020-04-04,US,NY,Bronx,,,,Unknown,,63.0,
2020-04-04,US,NY,Brooklyn,,,,True,,323.0,
2020-04-04,US,NY,Brooklyn,,,,False,,7.0,
2020-04-04,US,NY,Brooklyn,,,,Unknown,,280.0,
2020-04-04,US,NY,Manhattan,,,,True,,172.0,
2020-04-04,US,NY,Manhattan,,,,False,,6.0,
2020-04-04,US,NY,Manhattan,,,,Unknown,,86.0,
2020-04-04,US,NY,Queens,,,,True,,423.0,
2020-04-04,US,NY,Queens,,,,False,,14.0,
2020-04-04,US,NY,Queens,,,,Unknown,,248.0,
2020-04-04,US,NY,Staten Island,,,,True,,74.0,
2020-04-04,US,NY,Staten Island,,,,False,,0.0,
2020-04-04,US,NY,Staten Island,,,,Unknown,,44.0,
2020-04-04,US,NY,Unknown,,,,True,,1.0,
2020-04-04,US,NY,Unknown,,,,False,,0.0,
2020-04-04,US,NY,Unknown,,,,Unknown,,0.0,
2020-04-04,US,NY,,,,,True,,1498.0,
2020-04-04,US,NY,,,,,False,,35.0,
2020-04-04,US,NY,,,,,Unknown,,721.0,
2020-04-05,US,NY,,,,,,64955.0,2472.0,14205.0
2020-04-05,US,NY,,,0,17,,1135.0,2.0,101.0
2020-04-05,US,NY,,,18,44,,25383.0,140.0,2214.0
2020-04-05,US,NY,,,45,64,,23135.0,587.0,5295.0
2020-04-05,US,NY,,,65,74,,8260.0,612.0,3172.0
2020-04-05,US,NY,,,75,110,,6905.0,1131.0,3423.0
2020-04-05,US,NY,,,Unknown,Unknown,,137.0,,0.0
2020-04-05,US,NY,,,50,110,,32802.0,,
2020-04-05,US,NY,,,0,50,,32016.0,,
2020-04-05,US,NY,,Female,,,,29607.0,920.0,5714.0
2020-04-05,US,NY,,Male,,,,35256.0,1550.0,8487.0
2020-04-05,US,NY,,Unknown,,,,92.0,2.0,4.0
2020-04-05,US,NY,Bronx,,,,,12739.0,627.0,3588.0
2020-04-05,US,NY,Brooklyn,,,,,17520.0,668.0,3404.0
2020-04-05,US,NY,Manhattan,,,,,9250.0,277.0,1782.0
2020-04-05,US,NY,Queens,,,,,21781.0,771.0,4638.0
2020-04-05,US,NY,Staten Island,,,,,3628.0,128.0,784.0
2020-04-05,US,NY,Unknown,,,,,37.0,1.0,9.0
2020-04-05,US,NY,,,0,17,True,,2.0,
2020-04-05,US,NY,,,0,17,False,,0.0,
2020-04-05,US,NY,,,0,17,Unknown,,0.0,
2020-04-05,US,NY,,,18,44,True,,88.0,
2020-04-05,US,NY,,,18,44,False,,9.0,
2020-04-05,US,NY,,,18,44,Unknown,,43.0,
2020-04-05,US,NY,,,45,64,True,,411.0,
2020-04-05,US,NY,,,45,64,False,,21.0,
2020-04-05,US,NY,,,45,64,Unknown,,155.0,
2020-04-05,US,NY,,,65,74,True,,410.0,
2020-04-05,US,NY,,,65,74,False,,4.0,
2020-04-05,US,NY,,,65,74,Unknown,,198.0,
2020-04-05,US,NY,,,75,110,True,,624.0,
2020-04-05,US,NY,,,75,110,False,,4.0,
2020-04-05,US,NY,,,75,110,Unknown,,503.0,
2020-04-05,US,NY,,Female,,,True,,573.0,
2020-04-05,US,NY,,Female,,,False,,7.0,
2020-04-05,US,NY,,Female,,,Unknown,,340.0,
2020-04-05,US,NY,,Male,,,True,,960.0,
2020-04-05,US,NY,,Male,,,False,,31.0,
2020-04-05,US,NY,,Male,,,Unknown,,559.0,
2020-04-05,US,NY,,Unknown,,,True,,2.0,
2020-04-05,US,NY,,Unknown,,,False,,0.0,
2020-04-05,US,NY,,Unknown,,,Unknown,,0.0,
2020-04-05,US,NY,Bronx,,,,True,,532.0,
2020-04-05,US,NY,Bronx,,,,False,,9.0,
2020-04-05,US,NY,Bronx,,,,Unknown,,86.0,
2020-04-05,US,NY,Brooklyn,,,,True,,328.0,
2020-04-05,US,NY,Brooklyn,,,,False,,7.0,
2020-04-05,US,NY,Brooklyn,,,,Unknown,,333.0,
2020-04-05,US,NY,Manhattan,,,,True,,175.0,
2020-04-05,US,NY,Manhattan,,,,False,,7.0,
2020-04-05,US,NY,Manhattan,,,,Unknown,,95.0,
2020-04-05,US,NY,Queens,,,,True,,425.0,
2020-04-05,US,NY,Queens,,,,False,,15.0,
2020-04-05,US,NY,Queens,,,,Unknown,,331.0,
2020-04-05,US,NY,Staten Island,,,,True,,74.0,
2020-04-05,US,NY,Staten Island,,,,False,,0.0,
2020-04-05,US,NY,Staten Island,,,,Unknown,,54.0,
2020-04-05,US,NY,Unknown,,,,True,,1.0,
2020-04-05,US,NY,Unknown,,,,False,,0.0,
2020-04-05,US,NY,Unknown,,,,Unknown,,0.0,
2020-04-05,US,NY,,,,,True,,1535.0,
2020-04-05,US,NY,,,,,False,,38.0,
2020-04-05,US,NY,,,,,Unknown,,899.0,
2020-04-06,US,NY,,,,,,68776.0,2738.0,15333.0
2020-04-06,US,NY,,,0,17,,1204.0,2.0,109.0
2020-04-06,US,NY,,,18,44,,26716.0,148.0,2324.0
2020-04-06,US,NY,,,45,64,,24627.0,652.0,5714.0
2020-04-06,US,NY,,,65,74,,8749.0,686.0,3435.0
2020-04-06,US,NY,,,75,110,,7345.0,1250.0,3751.0
2020-04-06,US,NY,,,Unknown,Unknown,,135.0,,0.0
2020-04-06,US,NY,,,50,110,,34868.0,,
2020-04-06,US,NY,,,0,50,,33773.0,,
2020-04-06,US,NY,,Female,,,,31319.0,1017.0,6166.0
2020-04-06,US,NY,,Male,,,,37361.0,1719.0,9163.0
2020-04-06,US,NY,,Unknown,,,,96.0,2.0,4.0
2020-04-06,US,NY,Bronx,,,,,13681.0,679.0,3845.0
2020-04-06,US,NY,Brooklyn,,,,,18434.0,738.0,3697.0
2020-04-06,US,NY,Manhattan,,,,,9690.0,302.0,1919.0
2020-04-06,US,NY,Queens,,,,,23083.0,876.0,4999.0
2020-04-06,US,NY,Staten Island,,,,,3851.0,142.0,864.0
2020-04-06,US,NY,Unknown,,,,,37.0,1.0,9.0
2020-04-06,US,NY,,,0,17,True,,2.0,
2020-04-06,US,NY,,,0,17,False,,0.0,
2020-04-06,US,NY,,,0,17,Unknown,,0.0,
2020-04-06,US,NY,,,18,44,True,,99.0,
2020-04-06,US,NY,,,18,44,False,,10.0,
2020-04-06,US,NY,,,18,44,Unknown,,39.0,
2020-04-06,US,NY,,,45,64,True,,467.0,
2020-04-06,US,NY,,,45,64,False,,29.0,
2020-04-06,US,NY,,,45,64,Unknown,,156.0,
2020-04-06,US,NY,,,65,74,True,,443.0,
2020-04-06,US,NY,,,65,74,False,,5.0,
2020-04-06,US,NY,,,65,74,Unknown,,238.0,
2020-04-06,US,NY,,,75,110,True,,682.0,
2020-04-06,US,NY,,,75,110,False,,4.0,
2020-04-06,US,NY,,,75,110,Unknown,,564.0,
2020-04-06,US,NY,,Female,,,True,,632.0,
2020-04-06,US,NY,,Female,,,False,,11.0,
2020-04-06,US,NY,,Female,,,Unknown,,374.0,
2020-04-06,US,NY,,Male,,,True,,1059.0,
2020-04-06,US,NY,,Male,,,False,,37.0,
2020-04-06,US,NY,,Male,,,Unknown,,623.0,
2020-04-06,US,NY,,Unknown,,,True,,2.0,
2020-04-06,US,NY,,Unknown,,,False,,0.0,
2020-04-06,US,NY,,Unknown,,,Unknown,,0.0,
2020-04-06,US,NY,Bronx,,,,True,,572.0,
2020-04-06,US,NY,Bronx,,,,False,,11.0,
2020-04-06,US,NY,Bronx,,,,Unknown,,96.0,
2020-04-06,US,NY,Brooklyn,,,,True,,365.0,
2020-04-06,US,NY,Brooklyn,,,,False,,8.0,
2020-04-06,US,NY,Brooklyn,,,,Unknown,,365.0,
2020-04-06,US,NY,Manhattan,,,,True,,185.0,
2020-04-06,US,NY,Manhattan,,,,False,,8.0,
2020-04-06,US,NY,Manhattan,,,,Unknown,,109.0,
2020-04-06,US,NY,Queens,,,,True,,486.0,
2020-04-06,US,NY,Queens,,,,False,,21.0,
2020-04-06,US,NY,Queens,,,,Unknown,,369.0,
2020-04-06,US,NY,Staten Island,,,,True,,84.0,
2020-04-06,US,NY,Staten Island,,,,False,,0.0,
2020-04-06,US,NY,Staten Island,,,,Unknown,,58.0,
2020-04-06,US,NY,Unknown,,,,True,,1.0,
2020-04-06,US,NY,Unknown,,,,False,,0.0,
2020-04-06,US,NY,Unknown,,,,Unknown,,0.0,
2020-04-06,US,NY,,,,,True,,1693.0,
2020-04-06,US,NY,,,,,False,,48.0,
2020-04-06,US,NY,,,,,Unknown,,997.0,
